business_name,city,phone,address,google_rating,reviews_count,categories,website,nip
Klinika Stomatologiczna Legnica,Legnica,+48 76 855 11 22,ul. Złotoryjska 15,4.9,120,Dentysta,https://stomatologia-legnica.pl,6910001111
Stomatologia Estetyczna i Implanty Dr Wójcik,Legnica,+48 76 854 44 55,ul. Mickiewicza 22,5.0,94,Stomatolog,https://drwojcik-stomatologia.pl,6915678901
Biuro Rachunkowe Bilans Lubin,Lubin,+48 76 844 22 33,ul. Odrodzenia 8,4.8,45,Biuro rachunkowe,https://bilans-lubin.pl,6920002222
Kancelaria Prawna Jawor,Jawor,+48 76 870 33 44,ul. Zamkowa 3,5.0,28,Kancelaria prawna,https://kancelaria-jawor.pl,6950003333
Instalacje PV Chojnów,Chojnów,+48 76 818 44 55,ul. Kolejowa 12,4.7,35,Fotowoltaika,https://pv-chojnow.pl,6910004444
TechAutomatyka B2B Serwis Maszyn,Legnica,+48 76 866 77 88,ul. Hangarowa 4,4.8,22,Automatyka przemysłowa B2B,https://techautomatyka-legnica.pl,6917890123
Centrum Usług Poligraficznych i Reklamy Alfa,Legnica,+48 76 862 55 66,ul. Chojnowska 18,4.3,9,Poligrafia i druk,https://alfa-druk-legnica.pl,6916789012
Hurtownia Opakowań i Kartonów Jan Nowak,Lubin,+48 76 841 22 11,ul. Przemysłowa 5,4.4,14,Handel hurtowy opakowania,https://opakowania-lubin.pl,6928901234
Sklep Spożywczy U Pani Krysi,Legnica,+48 76 852 11 22,ul. Gwiezdna 4,4.2,15,Sklep spożywczy,http://krysia-legnica.pl,6913456789
Warzywniak i Owoce Świeży Kącik,Jawor,+48 76 871 00 11,ul. Rynek 8,4.4,12,Warzywniak,,6954567890
Trener Personalny Legnica Tomasz Kloc,Legnica,+48 660 111 222,ul. Wrocławska 45,4.9,45,Trener personalny,https://trener-legnica.pl,6912345678
FitLife Siłownia i Trening Personalny,Legnica,+48 76 850 88 99,ul. Jaworzyńska 60,4.7,62,Fitness i siłownia,https://fitlife-legnica.pl,6919012345
Barber Shop Wrocław,Wrocław,+48 71 333 44 55,ul. Świdnicka 10,4.9,250,Salon fryzjerski,https://barber-wroclaw.pl,8940005555
Trener Personalny Wrocław,Wrocław,+48 667 486 067,ul. Krakowska 98,5.0,112,Siłownia,https://trener-wroclaw.pl,8950006666
Firma Budowlana Głogów,Głogów,+48 76 833 77 88,ul. Długa 20,4.5,18,Firma budowlana,https://bud-glogow.pl,6930007777
